Comment,Designator,Footprint,LCSC
"22pF","C1,C2","Capacitor_SMD:C_0805_2012Metric",""
"1uF","C3,C7","Capacitor_SMD:C_0805_2012Metric",""
"0.1uF","C4,C5,C6","Capacitor_SMD:C_0805_2012Metric",""
"PRTR5V0U2X","D1","Package_TO_SOT_SMD:SOT-143",""
"D_Small","D2,D3,D4,D5,D6,D7,D8,D9,D10,D11,D12,D13,D14,D15,D16,D17,D18,D19,D20,D21,D22,D23,D24,D25,D26,D27,D28,D29,D30,D31,D32,D33,D34,D35,D36,D37,D38,D39,D40,D41,D42,D43,D44,D45,D46,D47,D48,D49,D50,D51,D52,D53,D54,D55,D56,D57,D58,D59,D60,D61,D62,D63,D64,D65,D66,D67,D68","Diode_SMD:D_SOD-123",""
"500mA","F1","Fuse:Fuse_1812_4532Metric",""
"MountingHole_Pad","H1,H2,H3,H4,H5,H6,H7","MountingHole:MountingHole_2.2mm_M2_Pad",""
"USB_C_Receptacle_USB2.0","J1","Connector_USB:USB_C_Receptacle_HRO_TYPE-C-31-M-12",""
"MX-NoLED","Key_0,Key_A1,Key_S1,Key_D1,Key_F1,Key_G1,Key_H1,Key_J1,Key_K1,Key_L1,Key_;1,Key_'1,Key_Z1,Key_X1,Key_C1,Key_V1,Key_B1,Key_N1,Key_M1,Key_,1,Key_.1,Key_/1,Key_NEW1,Key_ESC1,Key_1,Key_-1,Key_=1,Key_Q1,Key_W1,Key_E1,Key_R1,Key_T1,Key_Y1,Key_U1,Key_I1,Key_O1,Key_P1,Key_[1,Key_}1,Key_NEW2,Key_2,Key_NEW3,Key_3,Key_NEW4,Key_4,Key_NEW5,Key_5,Key_NEW6,Key_6,Key_7,Key_8,Key_9","MX_Only:MXOnly-1U",""
"MX-NoLED","Key_Bksp1","MX_Only:MXOnly-2U",""
"MX-NoLED","Key_Caps1","MX_Only:MXOnly-1.75U",""
"MX-NoLED","Key_Enter1,Key_LShift1","MX_Only:MXOnly-2.25U",""
"MX-NoLED","Key_LCtrl1,Key_LWin1,Key_LAlt1,Key_RAlt1,Key_RWin1,Key_RMenu1,Key_RCtrl1","MX_Only:MXOnly-1.25U",""
"MX-NoLED","Key_RShift1","MX_Only:MXOnly-2.75U",""
"MX-NoLED","Key_Space1","MX_Only:MXOnly-6.25U",""
"MX-NoLED","Key_Tab1,Key_|1","MX_Only:MXOnly-1.5U",""
"5.1k","R1,R2","Resistor_SMD:R_0805_2012Metric",""
"22","R3,R4","Resistor_SMD:R_0805_2012Metric",""
"10k","R5","Resistor_SMD:R_0805_2012Metric",""
"SW_Push","SW1","Button_Switch_SMD:SW_SPST_SKQG_WithoutStem",""
"ATmega32U4-AU","U1","Package_QFP:TQFP-44_10x10mm_P0.8mm",""
"16MHz","Y1","Crystal:Crystal_SMD_3225-4Pin_3.2x2.5mm",""