<?xml version="1.0" encoding="UTF-8"?>
<export version="D">
  <design>
    <source>C:\Users\Jirou\Documents\GitHub\quickey\quickey\quickey\quickey.sch</source>
    <date>9/8/2021 11:28:33 PM</date>
    <tool>Eeschema (5.1.9)-1</tool>
    <sheet number="1" name="/" tstamps="/">
      <title_block>
        <title/>
        <company/>
        <rev/>
        <date/>
        <source>quickey.sch</source>
        <comment number="1" value=""/>
        <comment number="2" value=""/>
        <comment number="3" value=""/>
        <comment number="4" value=""/>
      </title_block>
    </sheet>
  </design>
  <components>
    <comp ref="U1">
      <value>ATmega32U4-AU</value>
      <footprint>Package_QFP:TQFP-44_10x10mm_P0.8mm</footprint>
      <datasheet>http://ww1.microchip.com/downloads/en/DeviceDoc/Atmel-7766-8-bit-AVR-ATmega16U4-32U4_Datasheet.pdf</datasheet>
      <libsource lib="MCU_Microchip_ATmega" part="ATmega32U4-AU" description="16MHz, 32kB Flash, 2.5kB SRAM, 1kB EEPROM, USB 2.0, TQFP-44"/>
      <sheetpath names="/" tstamps="/"/>
      <tstamp>608A9BF5</tstamp>
    </comp>
    <comp ref="SW1">
      <value>SW_Push</value>
      <footprint>Button_Switch_SMD:SW_SPST_SKQG_WithoutStem</footprint>
      <datasheet>~</datasheet>
      <libsource lib="Switch" part="SW_Push" description="Push button switch, generic, two pins"/>
      <sheetpath names="/" tstamps="/"/>
      <tstamp>608B4CD1</tstamp>
    </comp>
    <comp ref="Y1">
      <value>16MHz</value>
      <footprint>Crystal:Crystal_SMD_3225-4Pin_3.2x2.5mm</footprint>
      <datasheet>~</datasheet>
      <libsource lib="Device" part="Crystal_GND24_Small" description="Four pin crystal, GND on pins 2 and 4, small symbol"/>
      <sheetpath names="/" tstamps="/"/>
      <tstamp>608B6252</tstamp>
    </comp>
    <comp ref="C1">
      <value>22pF</value>
      <footprint>Capacitor_SMD:C_0805_2012Metric</footprint>
      <datasheet>~</datasheet>
      <libsource lib="Device" part="C_Small" description="Unpolarized capacitor, small symbol"/>
      <sheetpath names="/" tstamps="/"/>
      <tstamp>608B9ECB</tstamp>
    </comp>
    <comp ref="C2">
      <value>22pF</value>
      <footprint>Capacitor_SMD:C_0805_2012Metric</footprint>
      <datasheet>~</datasheet>
      <libsource lib="Device" part="C_Small" description="Unpolarized capacitor, small symbol"/>
      <sheetpath names="/" tstamps="/"/>
      <tstamp>608BA980</tstamp>
    </comp>
    <comp ref="C3">
      <value>1uF</value>
      <footprint>Capacitor_SMD:C_0805_2012Metric</footprint>
      <datasheet>~</datasheet>
      <libsource lib="Device" part="C_Small" description="Unpolarized capacitor, small symbol"/>
      <sheetpath names="/" tstamps="/"/>
      <tstamp>608BE9F9</tstamp>
    </comp>
    <comp ref="R5">
      <value>10k</value>
      <footprint>Resistor_SMD:R_0805_2012Metric</footprint>
      <datasheet>~</datasheet>
      <libsource lib="Device" part="R_Small" description="Resistor, small symbol"/>
      <sheetpath names="/" tstamps="/"/>
      <tstamp>608C02F5</tstamp>
    </comp>
    <comp ref="C4">
      <value>0.1uF</value>
      <footprint>Capacitor_SMD:C_0805_2012Metric</footprint>
      <datasheet>~</datasheet>
      <libsource lib="Device" part="C_Small" description="Unpolarized capacitor, small symbol"/>
      <sheetpath names="/" tstamps="/"/>
      <tstamp>608C2877</tstamp>
    </comp>
    <comp ref="C5">
      <value>0.1uF</value>
      <footprint>Capacitor_SMD:C_0805_2012Metric</footprint>
      <datasheet>~</datasheet>
      <libsource lib="Device" part="C_Small" description="Unpolarized capacitor, small symbol"/>
      <sheetpath names="/" tstamps="/"/>
      <tstamp>608C2E42</tstamp>
    </comp>
    <comp ref="C6">
      <value>0.1uF</value>
      <footprint>Capacitor_SMD:C_0805_2012Metric</footprint>
      <datasheet>~</datasheet>
      <libsource lib="Device" part="C_Small" description="Unpolarized capacitor, small symbol"/>
      <sheetpath names="/" tstamps="/"/>
      <tstamp>608C3315</tstamp>
    </comp>
    <comp ref="C7">
      <value>1uF</value>
      <footprint>Capacitor_SMD:C_0805_2012Metric</footprint>
      <datasheet>~</datasheet>
      <libsource lib="Device" part="C_Small" description="Unpolarized capacitor, small symbol"/>
      <sheetpath names="/" tstamps="/"/>
      <tstamp>608C3908</tstamp>
    </comp>
    <comp ref="J1">
      <value>USB_C_Receptacle_USB2.0</value>
      <footprint>Connector_USB:USB_C_Receptacle_HRO_TYPE-C-31-M-12</footprint>
      <datasheet>https://www.usb.org/sites/default/files/documents/usb_type-c.zip</datasheet>
      <libsource lib="Connector" part="USB_C_Receptacle_USB2.0" description="USB 2.0-only Type-C Receptacle connector"/>
      <sheetpath names="/" tstamps="/"/>
      <tstamp>608CD918</tstamp>
    </comp>
    <comp ref="D1">
      <value>PRTR5V0U2X</value>
      <footprint>Package_TO_SOT_SMD:SOT-143</footprint>
      <datasheet>https://assets.nexperia.com/documents/data-sheet/PRTR5V0U2X.pdf</datasheet>
      <libsource lib="Power_Protection" part="PRTR5V0U2X" description="Ultra low capacitance double rail-to-rail ESD protection diode, SOT-363"/>
      <sheetpath names="/" tstamps="/"/>
      <tstamp>608D6F04</tstamp>
    </comp>
    <comp ref="R1">
      <value>5.1k</value>
      <footprint>Resistor_SMD:R_0805_2012Metric</footprint>
      <datasheet>~</datasheet>
      <libsource lib="Device" part="R_Small" description="Resistor, small symbol"/>
      <sheetpath names="/" tstamps="/"/>
      <tstamp>608E14FA</tstamp>
    </comp>
    <comp ref="R2">
      <value>5.1k</value>
      <footprint>Resistor_SMD:R_0805_2012Metric</footprint>
      <datasheet>~</datasheet>
      <libsource lib="Device" part="R_Small" description="Resistor, small symbol"/>
      <sheetpath names="/" tstamps="/"/>
      <tstamp>608E2581</tstamp>
    </comp>
    <comp ref="F1">
      <value>500mA</value>
      <footprint>Fuse:Fuse_1812_4532Metric</footprint>
      <datasheet>~</datasheet>
      <libsource lib="Device" part="Polyfuse_Small" description="Resettable fuse, polymeric positive temperature coefficient, small symbol"/>
      <sheetpath names="/" tstamps="/"/>
      <tstamp>608E94C2</tstamp>
    </comp>
    <comp ref="R3">
      <value>22</value>
      <footprint>Resistor_SMD:R_0805_2012Metric</footprint>
      <datasheet>~</datasheet>
      <libsource lib="Device" part="R_Small" description="Resistor, small symbol"/>
      <sheetpath names="/" tstamps="/"/>
      <tstamp>608F47CD</tstamp>
    </comp>
    <comp ref="R4">
      <value>22</value>
      <footprint>Resistor_SMD:R_0805_2012Metric</footprint>
      <datasheet>~</datasheet>
      <libsource lib="Device" part="R_Small" description="Resistor, small symbol"/>
      <sheetpath names="/" tstamps="/"/>
      <tstamp>608F50DA</tstamp>
    </comp>
    <comp ref="Key_Caps1">
      <value>MX-NoLED</value>
      <footprint>MX_Only:MXOnly-1.75U</footprint>
      <libsource lib="MX_Alps_Hybrid" part="MX-NoLED" description=""/>
      <sheetpath names="/" tstamps="/"/>
      <tstamp>608FE2A4</tstamp>
    </comp>
    <comp ref="D4">
      <value>D_Small</value>
      <footprint>Diode_SMD:D_SOD-123</footprint>
      <datasheet>~</datasheet>
      <libsource lib="Device" part="D_Small" description="Diode, small symbol"/>
      <sheetpath names="/" tstamps="/"/>
      <tstamp>608FF7BF</tstamp>
    </comp>
    <comp ref="Key_A1">
      <value>MX-NoLED</value>
      <footprint>MX_Only:MXOnly-1U</footprint>
      <libsource lib="MX_Alps_Hybrid" part="MX-NoLED" description=""/>
      <sheetpath names="/" tstamps="/"/>
      <tstamp>609038A8</tstamp>
    </comp>
    <comp ref="D9">
      <value>D_Small</value>
      <footprint>Diode_SMD:D_SOD-123</footprint>
      <datasheet>~</datasheet>
      <libsource lib="Device" part="D_Small" description="Diode, small symbol"/>
      <sheetpath names="/" tstamps="/"/>
      <tstamp>609038AE</tstamp>
    </comp>
    <comp ref="Key_S1">
      <value>MX-NoLED</value>
      <footprint>MX_Only:MXOnly-1U</footprint>
      <libsource lib="MX_Alps_Hybrid" part="MX-NoLED" description=""/>
      <sheetpath names="/" tstamps="/"/>
      <tstamp>6090821F</tstamp>
    </comp>
    <comp ref="D14">
      <value>D_Small</value>
      <footprint>Diode_SMD:D_SOD-123</footprint>
      <datasheet>~</datasheet>
      <libsource lib="Device" part="D_Small" description="Diode, small symbol"/>
      <sheetpath names="/" tstamps="/"/>
      <tstamp>60908225</tstamp>
    </comp>
    <comp ref="Key_D1">
      <value>MX-NoLED</value>
      <footprint>MX_Only:MXOnly-1U</footprint>
      <libsource lib="MX_Alps_Hybrid" part="MX-NoLED" description=""/>
      <sheetpath names="/" tstamps="/"/>
      <tstamp>6090822D</tstamp>
    </comp>
    <comp ref="D20">
      <value>D_Small</value>
      <footprint>Diode_SMD:D_SOD-123</footprint>
      <datasheet>~</datasheet>
      <libsource lib="Device" part="D_Small" description="Diode, small symbol"/>
      <sheetpath names="/" tstamps="/"/>
      <tstamp>60908233</tstamp>
    </comp>
    <comp ref="Key_F1">
      <value>MX-NoLED</value>
      <footprint>MX_Only:MXOnly-1U</footprint>
      <libsource lib="MX_Alps_Hybrid" part="MX-NoLED" description=""/>
      <sheetpath names="/" tstamps="/"/>
      <tstamp>60911C1D</tstamp>
    </comp>
    <comp ref="D25">
      <value>D_Small</value>
      <footprint>Diode_SMD:D_SOD-123</footprint>
      <datasheet>~</datasheet>
      <libsource lib="Device" part="D_Small" description="Diode, small symbol"/>
      <sheetpath names="/" tstamps="/"/>
      <tstamp>60911C23</tstamp>
    </comp>
    <comp ref="Key_G1">
      <value>MX-NoLED</value>
      <footprint>MX_Only:MXOnly-1U</footprint>
      <libsource lib="MX_Alps_Hybrid" part="MX-NoLED" description=""/>
      <sheetpath names="/" tstamps="/"/>
      <tstamp>60911C2B</tstamp>
    </comp>
    <comp ref="D30">
      <value>D_Small</value>
      <footprint>Diode_SMD:D_SOD-123</footprint>
      <datasheet>~</datasheet>
      <libsource lib="Device" part="D_Small" description="Diode, small symbol"/>
      <sheetpath names="/" tstamps="/"/>
      <tstamp>60911C31</tstamp>
    </comp>
    <comp ref="Key_H1">
      <value>MX-NoLED</value>
      <footprint>MX_Only:MXOnly-1U</footprint>
      <libsource lib="MX_Alps_Hybrid" part="MX-NoLED" description=""/>
      <sheetpath names="/" tstamps="/"/>
      <tstamp>60911C39</tstamp>
    </comp>
    <comp ref="D36">
      <value>D_Small</value>
      <footprint>Diode_SMD:D_SOD-123</footprint>
      <datasheet>~</datasheet>
      <libsource lib="Device" part="D_Small" description="Diode, small symbol"/>
      <sheetpath names="/" tstamps="/"/>
      <tstamp>60911C3F</tstamp>
    </comp>
    <comp ref="Key_J1">
      <value>MX-NoLED</value>
      <footprint>MX_Only:MXOnly-1U</footprint>
      <libsource lib="MX_Alps_Hybrid" part="MX-NoLED" description=""/>
      <sheetpath names="/" tstamps="/"/>
      <tstamp>60911C47</tstamp>
    </comp>
    <comp ref="D41">
      <value>D_Small</value>
      <footprint>Diode_SMD:D_SOD-123</footprint>
      <datasheet>~</datasheet>
      <libsource lib="Device" part="D_Small" description="Diode, small symbol"/>
      <sheetpath names="/" tstamps="/"/>
      <tstamp>60911C4D</tstamp>
    </comp>
    <comp ref="Key_K1">
      <value>MX-NoLED</value>
      <footprint>MX_Only:MXOnly-1U</footprint>
      <libsource lib="MX_Alps_Hybrid" part="MX-NoLED" description=""/>
      <sheetpath names="/" tstamps="/"/>
      <tstamp>60936253</tstamp>
    </comp>
    <comp ref="D46">
      <value>D_Small</value>
      <footprint>Diode_SMD:D_SOD-123</footprint>
      <datasheet>~</datasheet>
      <libsource lib="Device" part="D_Small" description="Diode, small symbol"/>
      <sheetpath names="/" tstamps="/"/>
      <tstamp>60936259</tstamp>
    </comp>
    <comp ref="Key_L1">
      <value>MX-NoLED</value>
      <footprint>MX_Only:MXOnly-1U</footprint>
      <libsource lib="MX_Alps_Hybrid" part="MX-NoLED" description=""/>
      <sheetpath names="/" tstamps="/"/>
      <tstamp>60936261</tstamp>
    </comp>
    <comp ref="D50">
      <value>D_Small</value>
      <footprint>Diode_SMD:D_SOD-123</footprint>
      <datasheet>~</datasheet>
      <libsource lib="Device" part="D_Small" description="Diode, small symbol"/>
      <sheetpath names="/" tstamps="/"/>
      <tstamp>60936267</tstamp>
    </comp>
    <comp ref="Key_;1">
      <value>MX-NoLED</value>
      <footprint>MX_Only:MXOnly-1U</footprint>
      <libsource lib="MX_Alps_Hybrid" part="MX-NoLED" description=""/>
      <sheetpath names="/" tstamps="/"/>
      <tstamp>6093626F</tstamp>
    </comp>
    <comp ref="D54">
      <value>D_Small</value>
      <footprint>Diode_SMD:D_SOD-123</footprint>
      <datasheet>~</datasheet>
      <libsource lib="Device" part="D_Small" description="Diode, small symbol"/>
      <sheetpath names="/" tstamps="/"/>
      <tstamp>60936275</tstamp>
    </comp>
    <comp ref="Key_'1">
      <value>MX-NoLED</value>
      <footprint>MX_Only:MXOnly-1U</footprint>
      <libsource lib="MX_Alps_Hybrid" part="MX-NoLED" description=""/>
      <sheetpath names="/" tstamps="/"/>
      <tstamp>6093627D</tstamp>
    </comp>
    <comp ref="D59">
      <value>D_Small</value>
      <footprint>Diode_SMD:D_SOD-123</footprint>
      <datasheet>~</datasheet>
      <libsource lib="Device" part="D_Small" description="Diode, small symbol"/>
      <sheetpath names="/" tstamps="/"/>
      <tstamp>60936283</tstamp>
    </comp>
    <comp ref="Key_Enter1">
      <value>MX-NoLED</value>
      <footprint>MX_Only:MXOnly-2.25U</footprint>
      <libsource lib="MX_Alps_Hybrid" part="MX-NoLED" description=""/>
      <sheetpath names="/" tstamps="/"/>
      <tstamp>60936299</tstamp>
    </comp>
    <comp ref="D66">
      <value>D_Small</value>
      <footprint>Diode_SMD:D_SOD-123</footprint>
      <datasheet>~</datasheet>
      <libsource lib="Device" part="D_Small" description="Diode, small symbol"/>
      <sheetpath names="/" tstamps="/"/>
      <tstamp>6093629F</tstamp>
    </comp>
    <comp ref="Key_LShift1">
      <value>MX-NoLED</value>
      <footprint>MX_Only:MXOnly-2.25U</footprint>
      <libsource lib="MX_Alps_Hybrid" part="MX-NoLED" description=""/>
      <sheetpath names="/" tstamps="/"/>
      <tstamp>609646C9</tstamp>
    </comp>
    <comp ref="D5">
      <value>D_Small</value>
      <footprint>Diode_SMD:D_SOD-123</footprint>
      <datasheet>~</datasheet>
      <libsource lib="Device" part="D_Small" description="Diode, small symbol"/>
      <sheetpath names="/" tstamps="/"/>
      <tstamp>609646CF</tstamp>
    </comp>
    <comp ref="Key_Z1">
      <value>MX-NoLED</value>
      <footprint>MX_Only:MXOnly-1U</footprint>
      <libsource lib="MX_Alps_Hybrid" part="MX-NoLED" description=""/>
      <sheetpath names="/" tstamps="/"/>
      <tstamp>609646D7</tstamp>
    </comp>
    <comp ref="D10">
      <value>D_Small</value>
      <footprint>Diode_SMD:D_SOD-123</footprint>
      <datasheet>~</datasheet>
      <libsource lib="Device" part="D_Small" description="Diode, small symbol"/>
      <sheetpath names="/" tstamps="/"/>
      <tstamp>609646DD</tstamp>
    </comp>
    <comp ref="Key_X1">
      <value>MX-NoLED</value>
      <footprint>MX_Only:MXOnly-1U</footprint>
      <libsource lib="MX_Alps_Hybrid" part="MX-NoLED" description=""/>
      <sheetpath names="/" tstamps="/"/>
      <tstamp>609646E5</tstamp>
    </comp>
    <comp ref="D15">
      <value>D_Small</value>
      <footprint>Diode_SMD:D_SOD-123</footprint>
      <datasheet>~</datasheet>
      <libsource lib="Device" part="D_Small" description="Diode, small symbol"/>
      <sheetpath names="/" tstamps="/"/>
      <tstamp>609646EB</tstamp>
    </comp>
    <comp ref="Key_C1">
      <value>MX-NoLED</value>
      <footprint>MX_Only:MXOnly-1U</footprint>
      <libsource lib="MX_Alps_Hybrid" part="MX-NoLED" description=""/>
      <sheetpath names="/" tstamps="/"/>
      <tstamp>609646F3</tstamp>
    </comp>
    <comp ref="D21">
      <value>D_Small</value>
      <footprint>Diode_SMD:D_SOD-123</footprint>
      <datasheet>~</datasheet>
      <libsource lib="Device" part="D_Small" description="Diode, small symbol"/>
      <sheetpath names="/" tstamps="/"/>
      <tstamp>609646F9</tstamp>
    </comp>
    <comp ref="Key_V1">
      <value>MX-NoLED</value>
      <footprint>MX_Only:MXOnly-1U</footprint>
      <libsource lib="MX_Alps_Hybrid" part="MX-NoLED" description=""/>
      <sheetpath names="/" tstamps="/"/>
      <tstamp>60964701</tstamp>
    </comp>
    <comp ref="D26">
      <value>D_Small</value>
      <footprint>Diode_SMD:D_SOD-123</footprint>
      <datasheet>~</datasheet>
      <libsource lib="Device" part="D_Small" description="Diode, small symbol"/>
      <sheetpath names="/" tstamps="/"/>
      <tstamp>60964707</tstamp>
    </comp>
    <comp ref="Key_B1">
      <value>MX-NoLED</value>
      <footprint>MX_Only:MXOnly-1U</footprint>
      <libsource lib="MX_Alps_Hybrid" part="MX-NoLED" description=""/>
      <sheetpath names="/" tstamps="/"/>
      <tstamp>6096470F</tstamp>
    </comp>
    <comp ref="D31">
      <value>D_Small</value>
      <footprint>Diode_SMD:D_SOD-123</footprint>
      <datasheet>~</datasheet>
      <libsource lib="Device" part="D_Small" description="Diode, small symbol"/>
      <sheetpath names="/" tstamps="/"/>
      <tstamp>60964715</tstamp>
    </comp>
    <comp ref="Key_N1">
      <value>MX-NoLED</value>
      <footprint>MX_Only:MXOnly-1U</footprint>
      <libsource lib="MX_Alps_Hybrid" part="MX-NoLED" description=""/>
      <sheetpath names="/" tstamps="/"/>
      <tstamp>6096471D</tstamp>
    </comp>
    <comp ref="D37">
      <value>D_Small</value>
      <footprint>Diode_SMD:D_SOD-123</footprint>
      <datasheet>~</datasheet>
      <libsource lib="Device" part="D_Small" description="Diode, small symbol"/>
      <sheetpath names="/" tstamps="/"/>
      <tstamp>60964723</tstamp>
    </comp>
    <comp ref="Key_M1">
      <value>MX-NoLED</value>
      <footprint>MX_Only:MXOnly-1U</footprint>
      <libsource lib="MX_Alps_Hybrid" part="MX-NoLED" description=""/>
      <sheetpath names="/" tstamps="/"/>
      <tstamp>6096472B</tstamp>
    </comp>
    <comp ref="D42">
      <value>D_Small</value>
      <footprint>Diode_SMD:D_SOD-123</footprint>
      <datasheet>~</datasheet>
      <libsource lib="Device" part="D_Small" description="Diode, small symbol"/>
      <sheetpath names="/" tstamps="/"/>
      <tstamp>60964731</tstamp>
    </comp>
    <comp ref="Key_,1">
      <value>MX-NoLED</value>
      <footprint>MX_Only:MXOnly-1U</footprint>
      <libsource lib="MX_Alps_Hybrid" part="MX-NoLED" description=""/>
      <sheetpath names="/" tstamps="/"/>
      <tstamp>60964739</tstamp>
    </comp>
    <comp ref="D47">
      <value>D_Small</value>
      <footprint>Diode_SMD:D_SOD-123</footprint>
      <datasheet>~</datasheet>
      <libsource lib="Device" part="D_Small" description="Diode, small symbol"/>
      <sheetpath names="/" tstamps="/"/>
      <tstamp>6096473F</tstamp>
    </comp>
    <comp ref="Key_.1">
      <value>MX-NoLED</value>
      <footprint>MX_Only:MXOnly-1U</footprint>
      <libsource lib="MX_Alps_Hybrid" part="MX-NoLED" description=""/>
      <sheetpath names="/" tstamps="/"/>
      <tstamp>60964747</tstamp>
    </comp>
    <comp ref="D51">
      <value>D_Small</value>
      <footprint>Diode_SMD:D_SOD-123</footprint>
      <datasheet>~</datasheet>
      <libsource lib="Device" part="D_Small" description="Diode, small symbol"/>
      <sheetpath names="/" tstamps="/"/>
      <tstamp>6096474D</tstamp>
    </comp>
    <comp ref="Key_/1">
      <value>MX-NoLED</value>
      <footprint>MX_Only:MXOnly-1U</footprint>
      <libsource lib="MX_Alps_Hybrid" part="MX-NoLED" description=""/>
      <sheetpath names="/" tstamps="/"/>
      <tstamp>60964755</tstamp>
    </comp>
    <comp ref="D55">
      <value>D_Small</value>
      <footprint>Diode_SMD:D_SOD-123</footprint>
      <datasheet>~</datasheet>
      <libsource lib="Device" part="D_Small" description="Diode, small symbol"/>
      <sheetpath names="/" tstamps="/"/>
      <tstamp>6096475B</tstamp>
    </comp>
    <comp ref="Key_RShift1">
      <value>MX-NoLED</value>
      <footprint>MX_Only:MXOnly-2.75U</footprint>
      <libsource lib="MX_Alps_Hybrid" part="MX-NoLED" description=""/>
      <sheetpath names="/" tstamps="/"/>
      <tstamp>6096477F</tstamp>
    </comp>
    <comp ref="D67">
      <value>D_Small</value>
      <footprint>Diode_SMD:D_SOD-123</footprint>
      <datasheet>~</datasheet>
      <libsource lib="Device" part="D_Small" description="Diode, small symbol"/>
      <sheetpath names="/" tstamps="/"/>
      <tstamp>60964785</tstamp>
    </comp>
    <comp ref="Key_LCtrl1">
      <value>MX-NoLED</value>
      <footprint>MX_Only:MXOnly-1.25U</footprint>
      <libsource lib="MX_Alps_Hybrid" part="MX-NoLED" description=""/>
      <sheetpath names="/" tstamps="/"/>
      <tstamp>609A7C78</tstamp>
    </comp>
    <comp ref="D6">
      <value>D_Small</value>
      <footprint>Diode_SMD:D_SOD-123</footprint>
      <datasheet>~</datasheet>
      <libsource lib="Device" part="D_Small" description="Diode, small symbol"/>
      <sheetpath names="/" tstamps="/"/>
      <tstamp>609A7C7E</tstamp>
    </comp>
    <comp ref="Key_LWin1">
      <value>MX-NoLED</value>
      <footprint>MX_Only:MXOnly-1.25U</footprint>
      <libsource lib="MX_Alps_Hybrid" part="MX-NoLED" description=""/>
      <sheetpath names="/" tstamps="/"/>
      <tstamp>609A7C86</tstamp>
    </comp>
    <comp ref="D11">
      <value>D_Small</value>
      <footprint>Diode_SMD:D_SOD-123</footprint>
      <datasheet>~</datasheet>
      <libsource lib="Device" part="D_Small" description="Diode, small symbol"/>
      <sheetpath names="/" tstamps="/"/>
      <tstamp>609A7C8C</tstamp>
    </comp>
    <comp ref="Key_LAlt1">
      <value>MX-NoLED</value>
      <footprint>MX_Only:MXOnly-1.25U</footprint>
      <libsource lib="MX_Alps_Hybrid" part="MX-NoLED" description=""/>
      <sheetpath names="/" tstamps="/"/>
      <tstamp>609A7C94</tstamp>
    </comp>
    <comp ref="D16">
      <value>D_Small</value>
      <footprint>Diode_SMD:D_SOD-123</footprint>
      <datasheet>~</datasheet>
      <libsource lib="Device" part="D_Small" description="Diode, small symbol"/>
      <sheetpath names="/" tstamps="/"/>
      <tstamp>609A7C9A</tstamp>
    </comp>
    <comp ref="Key_Space1">
      <value>MX-NoLED</value>
      <footprint>MX_Only:MXOnly-6.25U</footprint>
      <libsource lib="MX_Alps_Hybrid" part="MX-NoLED" description=""/>
      <sheetpath names="/" tstamps="/"/>
      <tstamp>609A7CBE</tstamp>
    </comp>
    <comp ref="D32">
      <value>D_Small</value>
      <footprint>Diode_SMD:D_SOD-123</footprint>
      <datasheet>~</datasheet>
      <libsource lib="Device" part="D_Small" description="Diode, small symbol"/>
      <sheetpath names="/" tstamps="/"/>
      <tstamp>609A7CC4</tstamp>
    </comp>
    <comp ref="Key_RAlt1">
      <value>MX-NoLED</value>
      <footprint>MX_Only:MXOnly-1.25U</footprint>
      <libsource lib="MX_Alps_Hybrid" part="MX-NoLED" description=""/>
      <sheetpath names="/" tstamps="/"/>
      <tstamp>609A7D04</tstamp>
    </comp>
    <comp ref="D56">
      <value>D_Small</value>
      <footprint>Diode_SMD:D_SOD-123</footprint>
      <datasheet>~</datasheet>
      <libsource lib="Device" part="D_Small" description="Diode, small symbol"/>
      <sheetpath names="/" tstamps="/"/>
      <tstamp>609A7D0A</tstamp>
    </comp>
    <comp ref="Key_RWin1">
      <value>MX-NoLED</value>
      <footprint>MX_Only:MXOnly-1.25U</footprint>
      <libsource lib="MX_Alps_Hybrid" part="MX-NoLED" description=""/>
      <sheetpath names="/" tstamps="/"/>
      <tstamp>609A7D12</tstamp>
    </comp>
    <comp ref="D60">
      <value>D_Small</value>
      <footprint>Diode_SMD:D_SOD-123</footprint>
      <datasheet>~</datasheet>
      <libsource lib="Device" part="D_Small" description="Diode, small symbol"/>
      <sheetpath names="/" tstamps="/"/>
      <tstamp>609A7D18</tstamp>
    </comp>
    <comp ref="Key_RMenu1">
      <value>MX-NoLED</value>
      <footprint>MX_Only:MXOnly-1.25U</footprint>
      <libsource lib="MX_Alps_Hybrid" part="MX-NoLED" description=""/>
      <sheetpath names="/" tstamps="/"/>
      <tstamp>609A7D20</tstamp>
    </comp>
    <comp ref="D63">
      <value>D_Small</value>
      <footprint>Diode_SMD:D_SOD-123</footprint>
      <datasheet>~</datasheet>
      <libsource lib="Device" part="D_Small" description="Diode, small symbol"/>
      <sheetpath names="/" tstamps="/"/>
      <tstamp>609A7D26</tstamp>
    </comp>
    <comp ref="Key_RCtrl1">
      <value>MX-NoLED</value>
      <footprint>MX_Only:MXOnly-1.25U</footprint>
      <libsource lib="MX_Alps_Hybrid" part="MX-NoLED" description=""/>
      <sheetpath names="/" tstamps="/"/>
      <tstamp>609A7D2E</tstamp>
    </comp>
    <comp ref="D68">
      <value>D_Small</value>
      <footprint>Diode_SMD:D_SOD-123</footprint>
      <datasheet>~</datasheet>
      <libsource lib="Device" part="D_Small" description="Diode, small symbol"/>
      <sheetpath names="/" tstamps="/"/>
      <tstamp>609A7D34</tstamp>
    </comp>
    <comp ref="Key_NEW1">
      <value>MX-NoLED</value>
      <footprint>MX_Only:MXOnly-1U</footprint>
      <libsource lib="MX_Alps_Hybrid" part="MX-NoLED" description=""/>
      <sheetpath names="/" tstamps="/"/>
      <tstamp>609A7D58</tstamp>
    </comp>
    <comp ref="D17">
      <value>D_Small</value>
      <footprint>Diode_SMD:D_SOD-123</footprint>
      <datasheet>~</datasheet>
      <libsource lib="Device" part="D_Small" description="Diode, small symbol"/>
      <sheetpath names="/" tstamps="/"/>
      <tstamp>609A7D5E</tstamp>
    </comp>
    <comp ref="Key_NEW2">
      <value>MX-NoLED</value>
      <footprint>MX_Only:MXOnly-1U</footprint>
      <libsource lib="MX_Alps_Hybrid" part="MX-NoLED" description=""/>
      <sheetpath names="/" tstamps="/"/>
      <tstamp>609A7D66</tstamp>
    </comp>
    <comp ref="D22">
      <value>D_Small</value>
      <footprint>Diode_SMD:D_SOD-123</footprint>
      <datasheet>~</datasheet>
      <libsource lib="Device" part="D_Small" description="Diode, small symbol"/>
      <sheetpath names="/" tstamps="/"/>
      <tstamp>609A7D6C</tstamp>
    </comp>
    <comp ref="Key_NEW3">
      <value>MX-NoLED</value>
      <footprint>MX_Only:MXOnly-1U</footprint>
      <libsource lib="MX_Alps_Hybrid" part="MX-NoLED" description=""/>
      <sheetpath names="/" tstamps="/"/>
      <tstamp>609A7D74</tstamp>
    </comp>
    <comp ref="D27">
      <value>D_Small</value>
      <footprint>Diode_SMD:D_SOD-123</footprint>
      <datasheet>~</datasheet>
      <libsource lib="Device" part="D_Small" description="Diode, small symbol"/>
      <sheetpath names="/" tstamps="/"/>
      <tstamp>609A7D7A</tstamp>
    </comp>
    <comp ref="Key_NEW4">
      <value>MX-NoLED</value>
      <footprint>MX_Only:MXOnly-1U</footprint>
      <libsource lib="MX_Alps_Hybrid" part="MX-NoLED" description=""/>
      <sheetpath names="/" tstamps="/"/>
      <tstamp>609A7D82</tstamp>
    </comp>
    <comp ref="D33">
      <value>D_Small</value>
      <footprint>Diode_SMD:D_SOD-123</footprint>
      <datasheet>~</datasheet>
      <libsource lib="Device" part="D_Small" description="Diode, small symbol"/>
      <sheetpath names="/" tstamps="/"/>
      <tstamp>609A7D88</tstamp>
    </comp>
    <comp ref="Key_NEW5">
      <value>MX-NoLED</value>
      <footprint>MX_Only:MXOnly-1U</footprint>
      <libsource lib="MX_Alps_Hybrid" part="MX-NoLED" description=""/>
      <sheetpath names="/" tstamps="/"/>
      <tstamp>609A7D90</tstamp>
    </comp>
    <comp ref="D38">
      <value>D_Small</value>
      <footprint>Diode_SMD:D_SOD-123</footprint>
      <datasheet>~</datasheet>
      <libsource lib="Device" part="D_Small" description="Diode, small symbol"/>
      <sheetpath names="/" tstamps="/"/>
      <tstamp>609A7D96</tstamp>
    </comp>
    <comp ref="Key_NEW6">
      <value>MX-NoLED</value>
      <footprint>MX_Only:MXOnly-1U</footprint>
      <libsource lib="MX_Alps_Hybrid" part="MX-NoLED" description=""/>
      <sheetpath names="/" tstamps="/"/>
      <tstamp>609A7D9E</tstamp>
    </comp>
    <comp ref="D43">
      <value>D_Small</value>
      <footprint>Diode_SMD:D_SOD-123</footprint>
      <datasheet>~</datasheet>
      <libsource lib="Device" part="D_Small" description="Diode, small symbol"/>
      <sheetpath names="/" tstamps="/"/>
      <tstamp>609A7DA4</tstamp>
    </comp>
    <comp ref="Key_ESC1">
      <value>MX-NoLED</value>
      <footprint>MX_Only:MXOnly-1U</footprint>
      <libsource lib="MX_Alps_Hybrid" part="MX-NoLED" description=""/>
      <sheetpath names="/" tstamps="/"/>
      <tstamp>609F821D</tstamp>
    </comp>
    <comp ref="D2">
      <value>D_Small</value>
      <footprint>Diode_SMD:D_SOD-123</footprint>
      <datasheet>~</datasheet>
      <libsource lib="Device" part="D_Small" description="Diode, small symbol"/>
      <sheetpath names="/" tstamps="/"/>
      <tstamp>609F8223</tstamp>
    </comp>
    <comp ref="Key_1">
      <value>MX-NoLED</value>
      <footprint>MX_Only:MXOnly-1U</footprint>
      <libsource lib="MX_Alps_Hybrid" part="MX-NoLED" description=""/>
      <sheetpath names="/" tstamps="/"/>
      <tstamp>609F822B</tstamp>
    </comp>
    <comp ref="D7">
      <value>D_Small</value>
      <footprint>Diode_SMD:D_SOD-123</footprint>
      <datasheet>~</datasheet>
      <libsource lib="Device" part="D_Small" description="Diode, small symbol"/>
      <sheetpath names="/" tstamps="/"/>
      <tstamp>609F8231</tstamp>
    </comp>
    <comp ref="Key_2">
      <value>MX-NoLED</value>
      <footprint>MX_Only:MXOnly-1U</footprint>
      <libsource lib="MX_Alps_Hybrid" part="MX-NoLED" description=""/>
      <sheetpath names="/" tstamps="/"/>
      <tstamp>609F8239</tstamp>
    </comp>
    <comp ref="D12">
      <value>D_Small</value>
      <footprint>Diode_SMD:D_SOD-123</footprint>
      <datasheet>~</datasheet>
      <libsource lib="Device" part="D_Small" description="Diode, small symbol"/>
      <sheetpath names="/" tstamps="/"/>
      <tstamp>609F823F</tstamp>
    </comp>
    <comp ref="Key_3">
      <value>MX-NoLED</value>
      <footprint>MX_Only:MXOnly-1U</footprint>
      <libsource lib="MX_Alps_Hybrid" part="MX-NoLED" description=""/>
      <sheetpath names="/" tstamps="/"/>
      <tstamp>609F8247</tstamp>
    </comp>
    <comp ref="D18">
      <value>D_Small</value>
      <footprint>Diode_SMD:D_SOD-123</footprint>
      <datasheet>~</datasheet>
      <libsource lib="Device" part="D_Small" description="Diode, small symbol"/>
      <sheetpath names="/" tstamps="/"/>
      <tstamp>609F824D</tstamp>
    </comp>
    <comp ref="Key_4">
      <value>MX-NoLED</value>
      <footprint>MX_Only:MXOnly-1U</footprint>
      <libsource lib="MX_Alps_Hybrid" part="MX-NoLED" description=""/>
      <sheetpath names="/" tstamps="/"/>
      <tstamp>609F8255</tstamp>
    </comp>
    <comp ref="D23">
      <value>D_Small</value>
      <footprint>Diode_SMD:D_SOD-123</footprint>
      <datasheet>~</datasheet>
      <libsource lib="Device" part="D_Small" description="Diode, small symbol"/>
      <sheetpath names="/" tstamps="/"/>
      <tstamp>609F825B</tstamp>
    </comp>
    <comp ref="Key_5">
      <value>MX-NoLED</value>
      <footprint>MX_Only:MXOnly-1U</footprint>
      <libsource lib="MX_Alps_Hybrid" part="MX-NoLED" description=""/>
      <sheetpath names="/" tstamps="/"/>
      <tstamp>609F8263</tstamp>
    </comp>
    <comp ref="D28">
      <value>D_Small</value>
      <footprint>Diode_SMD:D_SOD-123</footprint>
      <datasheet>~</datasheet>
      <libsource lib="Device" part="D_Small" description="Diode, small symbol"/>
      <sheetpath names="/" tstamps="/"/>
      <tstamp>609F8269</tstamp>
    </comp>
    <comp ref="Key_6">
      <value>MX-NoLED</value>
      <footprint>MX_Only:MXOnly-1U</footprint>
      <libsource lib="MX_Alps_Hybrid" part="MX-NoLED" description=""/>
      <sheetpath names="/" tstamps="/"/>
      <tstamp>609F8271</tstamp>
    </comp>
    <comp ref="D34">
      <value>D_Small</value>
      <footprint>Diode_SMD:D_SOD-123</footprint>
      <datasheet>~</datasheet>
      <libsource lib="Device" part="D_Small" description="Diode, small symbol"/>
      <sheetpath names="/" tstamps="/"/>
      <tstamp>609F8277</tstamp>
    </comp>
    <comp ref="Key_7">
      <value>MX-NoLED</value>
      <footprint>MX_Only:MXOnly-1U</footprint>
      <libsource lib="MX_Alps_Hybrid" part="MX-NoLED" description=""/>
      <sheetpath names="/" tstamps="/"/>
      <tstamp>609F827F</tstamp>
    </comp>
    <comp ref="D39">
      <value>D_Small</value>
      <footprint>Diode_SMD:D_SOD-123</footprint>
      <datasheet>~</datasheet>
      <libsource lib="Device" part="D_Small" description="Diode, small symbol"/>
      <sheetpath names="/" tstamps="/"/>
      <tstamp>609F8285</tstamp>
    </comp>
    <comp ref="Key_8">
      <value>MX-NoLED</value>
      <footprint>MX_Only:MXOnly-1U</footprint>
      <libsource lib="MX_Alps_Hybrid" part="MX-NoLED" description=""/>
      <sheetpath names="/" tstamps="/"/>
      <tstamp>609F828D</tstamp>
    </comp>
    <comp ref="D44">
      <value>D_Small</value>
      <footprint>Diode_SMD:D_SOD-123</footprint>
      <datasheet>~</datasheet>
      <libsource lib="Device" part="D_Small" description="Diode, small symbol"/>
      <sheetpath names="/" tstamps="/"/>
      <tstamp>609F8293</tstamp>
    </comp>
    <comp ref="Key_9">
      <value>MX-NoLED</value>
      <footprint>MX_Only:MXOnly-1U</footprint>
      <libsource lib="MX_Alps_Hybrid" part="MX-NoLED" description=""/>
      <sheetpath names="/" tstamps="/"/>
      <tstamp>609F829B</tstamp>
    </comp>
    <comp ref="D48">
      <value>D_Small</value>
      <footprint>Diode_SMD:D_SOD-123</footprint>
      <datasheet>~</datasheet>
      <libsource lib="Device" part="D_Small" description="Diode, small symbol"/>
      <sheetpath names="/" tstamps="/"/>
      <tstamp>609F82A1</tstamp>
    </comp>
    <comp ref="Key_0">
      <value>MX-NoLED</value>
      <footprint>MX_Only:MXOnly-1U</footprint>
      <libsource lib="MX_Alps_Hybrid" part="MX-NoLED" description=""/>
      <sheetpath names="/" tstamps="/"/>
      <tstamp>609F82A9</tstamp>
    </comp>
    <comp ref="D52">
      <value>D_Small</value>
      <footprint>Diode_SMD:D_SOD-123</footprint>
      <datasheet>~</datasheet>
      <libsource lib="Device" part="D_Small" description="Diode, small symbol"/>
      <sheetpath names="/" tstamps="/"/>
      <tstamp>609F82AF</tstamp>
    </comp>
    <comp ref="Key_-1">
      <value>MX-NoLED</value>
      <footprint>MX_Only:MXOnly-1U</footprint>
      <libsource lib="MX_Alps_Hybrid" part="MX-NoLED" description=""/>
      <sheetpath names="/" tstamps="/"/>
      <tstamp>609F82B7</tstamp>
    </comp>
    <comp ref="D57">
      <value>D_Small</value>
      <footprint>Diode_SMD:D_SOD-123</footprint>
      <datasheet>~</datasheet>
      <libsource lib="Device" part="D_Small" description="Diode, small symbol"/>
      <sheetpath names="/" tstamps="/"/>
      <tstamp>609F82BD</tstamp>
    </comp>
    <comp ref="Key_=1">
      <value>MX-NoLED</value>
      <footprint>MX_Only:MXOnly-1U</footprint>
      <libsource lib="MX_Alps_Hybrid" part="MX-NoLED" description=""/>
      <sheetpath names="/" tstamps="/"/>
      <tstamp>609F82C5</tstamp>
    </comp>
    <comp ref="D61">
      <value>D_Small</value>
      <footprint>Diode_SMD:D_SOD-123</footprint>
      <datasheet>~</datasheet>
      <libsource lib="Device" part="D_Small" description="Diode, small symbol"/>
      <sheetpath names="/" tstamps="/"/>
      <tstamp>609F82CB</tstamp>
    </comp>
    <comp ref="Key_Bksp1">
      <value>MX-NoLED</value>
      <footprint>MX_Only:MXOnly-2U</footprint>
      <libsource lib="MX_Alps_Hybrid" part="MX-NoLED" description=""/>
      <sheetpath names="/" tstamps="/"/>
      <tstamp>609F82D3</tstamp>
    </comp>
    <comp ref="D64">
      <value>D_Small</value>
      <footprint>Diode_SMD:D_SOD-123</footprint>
      <datasheet>~</datasheet>
      <libsource lib="Device" part="D_Small" description="Diode, small symbol"/>
      <sheetpath names="/" tstamps="/"/>
      <tstamp>609F82D9</tstamp>
    </comp>
    <comp ref="Key_Tab1">
      <value>MX-NoLED</value>
      <footprint>MX_Only:MXOnly-1.5U</footprint>
      <libsource lib="MX_Alps_Hybrid" part="MX-NoLED" description=""/>
      <sheetpath names="/" tstamps="/"/>
      <tstamp>609F82E1</tstamp>
    </comp>
    <comp ref="D3">
      <value>D_Small</value>
      <footprint>Diode_SMD:D_SOD-123</footprint>
      <datasheet>~</datasheet>
      <libsource lib="Device" part="D_Small" description="Diode, small symbol"/>
      <sheetpath names="/" tstamps="/"/>
      <tstamp>609F82E7</tstamp>
    </comp>
    <comp ref="Key_Q1">
      <value>MX-NoLED</value>
      <footprint>MX_Only:MXOnly-1U</footprint>
      <libsource lib="MX_Alps_Hybrid" part="MX-NoLED" description=""/>
      <sheetpath names="/" tstamps="/"/>
      <tstamp>609F82EF</tstamp>
    </comp>
    <comp ref="D8">
      <value>D_Small</value>
      <footprint>Diode_SMD:D_SOD-123</footprint>
      <datasheet>~</datasheet>
      <libsource lib="Device" part="D_Small" description="Diode, small symbol"/>
      <sheetpath names="/" tstamps="/"/>
      <tstamp>609F82F5</tstamp>
    </comp>
    <comp ref="Key_W1">
      <value>MX-NoLED</value>
      <footprint>MX_Only:MXOnly-1U</footprint>
      <libsource lib="MX_Alps_Hybrid" part="MX-NoLED" description=""/>
      <sheetpath names="/" tstamps="/"/>
      <tstamp>609F82FD</tstamp>
    </comp>
    <comp ref="D13">
      <value>D_Small</value>
      <footprint>Diode_SMD:D_SOD-123</footprint>
      <datasheet>~</datasheet>
      <libsource lib="Device" part="D_Small" description="Diode, small symbol"/>
      <sheetpath names="/" tstamps="/"/>
      <tstamp>609F8303</tstamp>
    </comp>
    <comp ref="Key_E1">
      <value>MX-NoLED</value>
      <footprint>MX_Only:MXOnly-1U</footprint>
      <libsource lib="MX_Alps_Hybrid" part="MX-NoLED" description=""/>
      <sheetpath names="/" tstamps="/"/>
      <tstamp>609F830B</tstamp>
    </comp>
    <comp ref="D19">
      <value>D_Small</value>
      <footprint>Diode_SMD:D_SOD-123</footprint>
      <datasheet>~</datasheet>
      <libsource lib="Device" part="D_Small" description="Diode, small symbol"/>
      <sheetpath names="/" tstamps="/"/>
      <tstamp>609F8311</tstamp>
    </comp>
    <comp ref="Key_R1">
      <value>MX-NoLED</value>
      <footprint>MX_Only:MXOnly-1U</footprint>
      <libsource lib="MX_Alps_Hybrid" part="MX-NoLED" description=""/>
      <sheetpath names="/" tstamps="/"/>
      <tstamp>609F8319</tstamp>
    </comp>
    <comp ref="D24">
      <value>D_Small</value>
      <footprint>Diode_SMD:D_SOD-123</footprint>
      <datasheet>~</datasheet>
      <libsource lib="Device" part="D_Small" description="Diode, small symbol"/>
      <sheetpath names="/" tstamps="/"/>
      <tstamp>609F831F</tstamp>
    </comp>
    <comp ref="Key_T1">
      <value>MX-NoLED</value>
      <footprint>MX_Only:MXOnly-1U</footprint>
      <libsource lib="MX_Alps_Hybrid" part="MX-NoLED" description=""/>
      <sheetpath names="/" tstamps="/"/>
      <tstamp>609F8327</tstamp>
    </comp>
    <comp ref="D29">
      <value>D_Small</value>
      <footprint>Diode_SMD:D_SOD-123</footprint>
      <datasheet>~</datasheet>
      <libsource lib="Device" part="D_Small" description="Diode, small symbol"/>
      <sheetpath names="/" tstamps="/"/>
      <tstamp>609F832D</tstamp>
    </comp>
    <comp ref="Key_Y1">
      <value>MX-NoLED</value>
      <footprint>MX_Only:MXOnly-1U</footprint>
      <libsource lib="MX_Alps_Hybrid" part="MX-NoLED" description=""/>
      <sheetpath names="/" tstamps="/"/>
      <tstamp>609F8335</tstamp>
    </comp>
    <comp ref="D35">
      <value>D_Small</value>
      <footprint>Diode_SMD:D_SOD-123</footprint>
      <datasheet>~</datasheet>
      <libsource lib="Device" part="D_Small" description="Diode, small symbol"/>
      <sheetpath names="/" tstamps="/"/>
      <tstamp>609F833B</tstamp>
    </comp>
    <comp ref="Key_U1">
      <value>MX-NoLED</value>
      <footprint>MX_Only:MXOnly-1U</footprint>
      <libsource lib="MX_Alps_Hybrid" part="MX-NoLED" description=""/>
      <sheetpath names="/" tstamps="/"/>
      <tstamp>609F8343</tstamp>
    </comp>
    <comp ref="D40">
      <value>D_Small</value>
      <footprint>Diode_SMD:D_SOD-123</footprint>
      <datasheet>~</datasheet>
      <libsource lib="Device" part="D_Small" description="Diode, small symbol"/>
      <sheetpath names="/" tstamps="/"/>
      <tstamp>609F8349</tstamp>
    </comp>
    <comp ref="Key_I1">
      <value>MX-NoLED</value>
      <footprint>MX_Only:MXOnly-1U</footprint>
      <libsource lib="MX_Alps_Hybrid" part="MX-NoLED" description=""/>
      <sheetpath names="/" tstamps="/"/>
      <tstamp>609F8351</tstamp>
    </comp>
    <comp ref="D45">
      <value>D_Small</value>
      <footprint>Diode_SMD:D_SOD-123</footprint>
      <datasheet>~</datasheet>
      <libsource lib="Device" part="D_Small" description="Diode, small symbol"/>
      <sheetpath names="/" tstamps="/"/>
      <tstamp>609F8357</tstamp>
    </comp>
    <comp ref="Key_O1">
      <value>MX-NoLED</value>
      <footprint>MX_Only:MXOnly-1U</footprint>
      <libsource lib="MX_Alps_Hybrid" part="MX-NoLED" description=""/>
      <sheetpath names="/" tstamps="/"/>
      <tstamp>609F835F</tstamp>
    </comp>
    <comp ref="D49">
      <value>D_Small</value>
      <footprint>Diode_SMD:D_SOD-123</footprint>
      <datasheet>~</datasheet>
      <libsource lib="Device" part="D_Small" description="Diode, small symbol"/>
      <sheetpath names="/" tstamps="/"/>
      <tstamp>609F8365</tstamp>
    </comp>
    <comp ref="Key_P1">
      <value>MX-NoLED</value>
      <footprint>MX_Only:MXOnly-1U</footprint>
      <libsource lib="MX_Alps_Hybrid" part="MX-NoLED" description=""/>
      <sheetpath names="/" tstamps="/"/>
      <tstamp>609F836D</tstamp>
    </comp>
    <comp ref="D53">
      <value>D_Small</value>
      <footprint>Diode_SMD:D_SOD-123</footprint>
      <datasheet>~</datasheet>
      <libsource lib="Device" part="D_Small" description="Diode, small symbol"/>
      <sheetpath names="/" tstamps="/"/>
      <tstamp>609F8373</tstamp>
    </comp>
    <comp ref="Key_[1">
      <value>MX-NoLED</value>
      <footprint>MX_Only:MXOnly-1U</footprint>
      <libsource lib="MX_Alps_Hybrid" part="MX-NoLED" description=""/>
      <sheetpath names="/" tstamps="/"/>
      <tstamp>609F837B</tstamp>
    </comp>
    <comp ref="D58">
      <value>D_Small</value>
      <footprint>Diode_SMD:D_SOD-123</footprint>
      <datasheet>~</datasheet>
      <libsource lib="Device" part="D_Small" description="Diode, small symbol"/>
      <sheetpath names="/" tstamps="/"/>
      <tstamp>609F8381</tstamp>
    </comp>
    <comp ref="Key_}1">
      <value>MX-NoLED</value>
      <footprint>MX_Only:MXOnly-1U</footprint>
      <libsource lib="MX_Alps_Hybrid" part="MX-NoLED" description=""/>
      <sheetpath names="/" tstamps="/"/>
      <tstamp>609F8389</tstamp>
    </comp>
    <comp ref="D62">
      <value>D_Small</value>
      <footprint>Diode_SMD:D_SOD-123</footprint>
      <datasheet>~</datasheet>
      <libsource lib="Device" part="D_Small" description="Diode, small symbol"/>
      <sheetpath names="/" tstamps="/"/>
      <tstamp>609F838F</tstamp>
    </comp>
    <comp ref="Key_|1">
      <value>MX-NoLED</value>
      <footprint>MX_Only:MXOnly-1.5U</footprint>
      <libsource lib="MX_Alps_Hybrid" part="MX-NoLED" description=""/>
      <sheetpath names="/" tstamps="/"/>
      <tstamp>609F8397</tstamp>
    </comp>
    <comp ref="D65">
      <value>D_Small</value>
      <footprint>Diode_SMD:D_SOD-123</footprint>
      <datasheet>~</datasheet>
      <libsource lib="Device" part="D_Small" description="Diode, small symbol"/>
      <sheetpath names="/" tstamps="/"/>
      <tstamp>609F839D</tstamp>
    </comp>
    <comp ref="H1">
      <value>MountingHole_Pad</value>
      <footprint>MountingHole:MountingHole_2.2mm_M2_Pad</footprint>
      <datasheet>~</datasheet>
      <libsource lib="Mechanical" part="MountingHole_Pad" description="Mounting Hole with connection"/>
      <sheetpath names="/" tstamps="/"/>
      <tstamp>60F69488</tstamp>
    </comp>
    <comp ref="H2">
      <value>MountingHole_Pad</value>
      <footprint>MountingHole:MountingHole_2.2mm_M2_Pad</footprint>
      <datasheet>~</datasheet>
      <libsource lib="Mechanical" part="MountingHole_Pad" description="Mounting Hole with connection"/>
      <sheetpath names="/" tstamps="/"/>
      <tstamp>60F69F57</tstamp>
    </comp>
    <comp ref="H3">
      <value>MountingHole_Pad</value>
      <footprint>MountingHole:MountingHole_2.2mm_M2_Pad</footprint>
      <datasheet>~</datasheet>
      <libsource lib="Mechanical" part="MountingHole_Pad" description="Mounting Hole with connection"/>
      <sheetpath names="/" tstamps="/"/>
      <tstamp>60F89599</tstamp>
    </comp>
    <comp ref="H4">
      <value>MountingHole_Pad</value>
      <footprint>MountingHole:MountingHole_2.2mm_M2_Pad</footprint>
      <datasheet>~</datasheet>
      <libsource lib="Mechanical" part="MountingHole_Pad" description="Mounting Hole with connection"/>
      <sheetpath names="/" tstamps="/"/>
      <tstamp>60FA779B</tstamp>
    </comp>
    <comp ref="H5">
      <value>MountingHole_Pad</value>
      <footprint>MountingHole:MountingHole_2.2mm_M2_Pad</footprint>
      <datasheet>~</datasheet>
      <libsource lib="Mechanical" part="MountingHole_Pad" description="Mounting Hole with connection"/>
      <sheetpath names="/" tstamps="/"/>
      <tstamp>60FA77A1</tstamp>
    </comp>
    <comp ref="H6">
      <value>MountingHole_Pad</value>
      <footprint>MountingHole:MountingHole_2.2mm_M2_Pad</footprint>
      <datasheet>~</datasheet>
      <libsource lib="Mechanical" part="MountingHole_Pad" description="Mounting Hole with connection"/>
      <sheetpath names="/" tstamps="/"/>
      <tstamp>60FA77A7</tstamp>
    </comp>
    <comp ref="H7">
      <value>MountingHole_Pad</value>
      <footprint>MountingHole:MountingHole_2.2mm_M2_Pad</footprint>
      <datasheet>~</datasheet>
      <libsource lib="Mechanical" part="MountingHole_Pad" description="Mounting Hole with connection"/>
      <sheetpath names="/" tstamps="/"/>
      <tstamp>61013C11</tstamp>
    </comp>
  </components>
  <libparts>
    <libpart lib="Connector" part="USB_C_Receptacle_USB2.0">
      <description>USB 2.0-only Type-C Receptacle connector</description>
      <docs>https://www.usb.org/sites/default/files/documents/usb_type-c.zip</docs>
      <footprints>
        <fp>USB*C*Receptacle*</fp>
      </footprints>
      <fields>
        <field name="Reference">J</field>
        <field name="Value">USB_C_Receptacle_USB2.0</field>
      </fields>
      <pins>
        <pin num="A1" name="GND" type="passive"/>
        <pin num="A4" name="VBUS" type="passive"/>
        <pin num="A5" name="CC1" type="BiDi"/>
        <pin num="A6" name="D+" type="BiDi"/>
        <pin num="A7" name="D-" type="BiDi"/>
        <pin num="A8" name="SBU1" type="BiDi"/>
        <pin num="A9" name="VBUS" type="passive"/>
        <pin num="A12" name="GND" type="passive"/>
        <pin num="B1" name="GND" type="passive"/>
        <pin num="B4" name="VBUS" type="passive"/>
        <pin num="B5" name="CC2" type="BiDi"/>
        <pin num="B6" name="D+" type="BiDi"/>
        <pin num="B7" name="D-" type="BiDi"/>
        <pin num="B8" name="SBU2" type="BiDi"/>
        <pin num="B9" name="VBUS" type="passive"/>
        <pin num="B12" name="GND" type="passive"/>
        <pin num="S1" name="SHIELD" type="passive"/>
      </pins>
    </libpart>
    <libpart lib="Device" part="C_Small">
      <description>Unpolarized capacitor, small symbol</description>
      <docs>~</docs>
      <footprints>
        <fp>C_*</fp>
      </footprints>
      <fields>
        <field name="Reference">C</field>
        <field name="Value">C_Small</field>
      </fields>
      <pins>
        <pin num="1" name="~" type="passive"/>
        <pin num="2" name="~" type="passive"/>
      </pins>
    </libpart>
    <libpart lib="Device" part="Crystal_GND24_Small">
      <description>Four pin crystal, GND on pins 2 and 4, small symbol</description>
      <docs>~</docs>
      <footprints>
        <fp>Crystal*</fp>
      </footprints>
      <fields>
        <field name="Reference">Y</field>
        <field name="Value">Crystal_GND24_Small</field>
      </fields>
      <pins>
        <pin num="1" name="1" type="passive"/>
        <pin num="2" name="2" type="passive"/>
        <pin num="3" name="3" type="passive"/>
        <pin num="4" name="4" type="passive"/>
      </pins>
    </libpart>
    <libpart lib="Device" part="D_Small">
      <description>Diode, small symbol</description>
      <docs>~</docs>
      <footprints>
        <fp>TO-???*</fp>
        <fp>*_Diode_*</fp>
        <fp>*SingleDiode*</fp>
        <fp>D_*</fp>
      </footprints>
      <fields>
        <field name="Reference">D</field>
        <field name="Value">D_Small</field>
      </fields>
      <pins>
        <pin num="1" name="K" type="passive"/>
        <pin num="2" name="A" type="passive"/>
      </pins>
    </libpart>
    <libpart lib="Device" part="Polyfuse_Small">
      <description>Resettable fuse, polymeric positive temperature coefficient, small symbol</description>
      <docs>~</docs>
      <footprints>
        <fp>*polyfuse*</fp>
        <fp>*PTC*</fp>
      </footprints>
      <fields>
        <field name="Reference">F</field>
        <field name="Value">Polyfuse_Small</field>
      </fields>
      <pins>
        <pin num="1" name="~" type="passive"/>
        <pin num="2" name="~" type="passive"/>
      </pins>
    </libpart>
    <libpart lib="Device" part="R_Small">
      <description>Resistor, small symbol</description>
      <docs>~</docs>
      <footprints>
        <fp>R_*</fp>
      </footprints>
      <fields>
        <field name="Reference">R</field>
        <field name="Value">R_Small</field>
      </fields>
      <pins>
        <pin num="1" name="~" type="passive"/>
        <pin num="2" name="~" type="passive"/>
      </pins>
    </libpart>
    <libpart lib="MCU_Microchip_ATmega" part="ATmega16U4-AU">
      <aliases>
        <alias>ATmega16U4RC-AU</alias>
        <alias>ATmega32U4-AU</alias>
        <alias>ATmega32U4RC-AU</alias>
      </aliases>
      <description>16MHz, 16kB Flash, 1.25kB SRAM, 512B EEPROM, USB 2.0, TQFP-44</description>
      <docs>http://ww1.microchip.com/downloads/en/DeviceDoc/Atmel-7766-8-bit-AVR-ATmega16U4-32U4_Datasheet.pdf</docs>
      <footprints>
        <fp>TQFP*10x10mm*P0.8mm*</fp>
      </footprints>
      <fields>
        <field name="Reference">U</field>
        <field name="Value">ATmega16U4-AU</field>
        <field name="Footprint">Package_QFP:TQFP-44_10x10mm_P0.8mm</field>
      </fields>
      <pins>
        <pin num="1" name="PE6" type="BiDi"/>
        <pin num="2" name="UVCC" type="power_in"/>
        <pin num="3" name="D-" type="BiDi"/>
        <pin num="4" name="D+" type="BiDi"/>
        <pin num="5" name="UGND" type="passive"/>
        <pin num="6" name="UCAP" type="passive"/>
        <pin num="7" name="VBUS" type="input"/>
        <pin num="8" name="PB0" type="BiDi"/>
        <pin num="9" name="PB1" type="BiDi"/>
        <pin num="10" name="PB2" type="BiDi"/>
        <pin num="11" name="PB3" type="BiDi"/>
        <pin num="12" name="PB7" type="BiDi"/>
        <pin num="13" name="~RESET" type="input"/>
        <pin num="14" name="VCC" type="power_in"/>
        <pin num="15" name="GND" type="power_in"/>
        <pin num="16" name="XTAL2" type="output"/>
        <pin num="17" name="XTAL1" type="input"/>
        <pin num="18" name="PD0" type="BiDi"/>
        <pin num="19" name="PD1" type="BiDi"/>
        <pin num="20" name="PD2" type="BiDi"/>
        <pin num="21" name="PD3" type="BiDi"/>
        <pin num="22" name="PD5" type="BiDi"/>
        <pin num="23" name="GND" type="passive"/>
        <pin num="24" name="AVCC" type="power_in"/>
        <pin num="25" name="PD4" type="BiDi"/>
        <pin num="26" name="PD6" type="BiDi"/>
        <pin num="27" name="PD7" type="BiDi"/>
        <pin num="28" name="PB4" type="BiDi"/>
        <pin num="29" name="PB5" type="BiDi"/>
        <pin num="30" name="PB6" type="BiDi"/>
        <pin num="31" name="PC6" type="BiDi"/>
        <pin num="32" name="PC7" type="BiDi"/>
        <pin num="33" name="~HWB~/PE2" type="BiDi"/>
        <pin num="34" name="VCC" type="passive"/>
        <pin num="35" name="GND" type="passive"/>
        <pin num="36" name="PF7" type="BiDi"/>
        <pin num="37" name="PF6" type="BiDi"/>
        <pin num="38" name="PF5" type="BiDi"/>
        <pin num="39" name="PF4" type="BiDi"/>
        <pin num="40" name="PF1" type="BiDi"/>
        <pin num="41" name="PF0" type="BiDi"/>
        <pin num="42" name="AREF" type="passive"/>
        <pin num="43" name="GND" type="passive"/>
        <pin num="44" name="AVCC" type="passive"/>
      </pins>
    </libpart>
    <libpart lib="MX_Alps_Hybrid" part="MX-NoLED">
      <fields>
        <field name="Reference">MX</field>
        <field name="Value">MX-NoLED</field>
      </fields>
      <pins>
        <pin num="1" name="COL" type="passive"/>
        <pin num="2" name="ROW" type="passive"/>
      </pins>
    </libpart>
    <libpart lib="Mechanical" part="MountingHole_Pad">
      <description>Mounting Hole with connection</description>
      <docs>~</docs>
      <footprints>
        <fp>MountingHole*Pad*</fp>
      </footprints>
      <fields>
        <field name="Reference">H</field>
        <field name="Value">MountingHole_Pad</field>
      </fields>
      <pins>
        <pin num="1" name="1" type="input"/>
      </pins>
    </libpart>
    <libpart lib="Power_Protection" part="PRTR5V0U2X">
      <description>Ultra low capacitance double rail-to-rail ESD protection diode, SOT-363</description>
      <docs>https://assets.nexperia.com/documents/data-sheet/PRTR5V0U2X.pdf</docs>
      <footprints>
        <fp>SOT?143*</fp>
      </footprints>
      <fields>
        <field name="Reference">D</field>
        <field name="Value">PRTR5V0U2X</field>
        <field name="Footprint">Package_TO_SOT_SMD:SOT-143</field>
      </fields>
      <pins>
        <pin num="1" name="GND" type="passive"/>
        <pin num="2" name="I/O1" type="passive"/>
        <pin num="3" name="I/O2" type="passive"/>
        <pin num="4" name="VCC" type="passive"/>
      </pins>
    </libpart>
    <libpart lib="Switch" part="SW_Push">
      <description>Push button switch, generic, two pins</description>
      <docs>~</docs>
      <fields>
        <field name="Reference">SW</field>
        <field name="Value">SW_Push</field>
      </fields>
      <pins>
        <pin num="1" name="1" type="passive"/>
        <pin num="2" name="2" type="passive"/>
      </pins>
    </libpart>
  </libparts>
  <libraries>
    <library logical="Connector">
      <uri>V:\Programs\KiCad\share\kicad\library/Connector.lib</uri>
    </library>
    <library logical="Device">
      <uri>V:\Programs\KiCad\share\kicad\library/Device.lib</uri>
    </library>
    <library logical="MCU_Microchip_ATmega">
      <uri>V:\Programs\KiCad\share\kicad\library/MCU_Microchip_ATmega.lib</uri>
    </library>
    <library logical="MX_Alps_Hybrid">
      <uri>C:/Users/Jirou/Documents/GitHub/quickey/quickey/MX_Alps_Hybrid.pretty/Schematic Library/MX_Alps_Hybrid.lib</uri>
    </library>
    <library logical="Mechanical">
      <uri>V:\Programs\KiCad\share\kicad\library/Mechanical.lib</uri>
    </library>
    <library logical="Power_Protection">
      <uri>V:\Programs\KiCad\share\kicad\library/Power_Protection.lib</uri>
    </library>
    <library logical="Switch">
      <uri>V:\Programs\KiCad\share\kicad\library/Switch.lib</uri>
    </library>
  </libraries>
  <nets>
    <net code="1" name="COL2">
      <node ref="Key_LAlt1" pin="1"/>
      <node ref="Key_S1" pin="1"/>
      <node ref="Key_2" pin="1"/>
      <node ref="Key_NEW1" pin="1"/>
      <node ref="Key_X1" pin="1"/>
      <node ref="Key_W1" pin="1"/>
      <node ref="U1" pin="10"/>
    </net>
    <net code="2" name="COL3">
      <node ref="U1" pin="11"/>
      <node ref="Key_C1" pin="1"/>
      <node ref="Key_E1" pin="1"/>
      <node ref="Key_D1" pin="1"/>
      <node ref="Key_NEW2" pin="1"/>
      <node ref="Key_3" pin="1"/>
    </net>
    <net code="3" name="COL4">
      <node ref="Key_V1" pin="1"/>
      <node ref="Key_R1" pin="1"/>
      <node ref="Key_F1" pin="1"/>
      <node ref="Key_NEW3" pin="1"/>
      <node ref="Key_4" pin="1"/>
      <node ref="U1" pin="18"/>
    </net>
    <net code="4" name="COL5">
      <node ref="Key_Space1" pin="1"/>
      <node ref="Key_NEW4" pin="1"/>
      <node ref="Key_G1" pin="1"/>
      <node ref="Key_T1" pin="1"/>
      <node ref="U1" pin="19"/>
      <node ref="Key_B1" pin="1"/>
      <node ref="Key_5" pin="1"/>
    </net>
    <net code="5" name="COL6">
      <node ref="Key_NEW5" pin="1"/>
      <node ref="U1" pin="20"/>
      <node ref="Key_6" pin="1"/>
      <node ref="Key_N1" pin="1"/>
      <node ref="Key_H1" pin="1"/>
      <node ref="Key_Y1" pin="1"/>
    </net>
    <net code="6" name="COL7">
      <node ref="Key_7" pin="1"/>
      <node ref="Key_NEW6" pin="1"/>
      <node ref="U1" pin="21"/>
      <node ref="Key_J1" pin="1"/>
      <node ref="Key_U1" pin="1"/>
      <node ref="Key_M1" pin="1"/>
    </net>
    <net code="7" name="COL1">
      <node ref="U1" pin="9"/>
      <node ref="Key_A1" pin="1"/>
      <node ref="Key_Z1" pin="1"/>
      <node ref="Key_Q1" pin="1"/>
      <node ref="Key_1" pin="1"/>
      <node ref="Key_LWin1" pin="1"/>
    </net>
    <net code="8" name="COL0">
      <node ref="Key_ESC1" pin="1"/>
      <node ref="Key_LCtrl1" pin="1"/>
      <node ref="Key_LShift1" pin="1"/>
      <node ref="Key_Tab1" pin="1"/>
      <node ref="Key_Caps1" pin="1"/>
      <node ref="U1" pin="8"/>
    </net>
    <net code="9" name="Net-(D49-Pad2)">
      <node ref="D49" pin="2"/>
      <node ref="Key_O1" pin="2"/>
    </net>
    <net code="10" name="Net-(D53-Pad2)">
      <node ref="D53" pin="2"/>
      <node ref="Key_P1" pin="2"/>
    </net>
    <net code="11" name="Net-(D58-Pad2)">
      <node ref="Key_[1" pin="2"/>
      <node ref="D58" pin="2"/>
    </net>
    <net code="12" name="Net-(D62-Pad2)">
      <node ref="Key_}1" pin="2"/>
      <node ref="D62" pin="2"/>
    </net>
    <net code="13" name="Net-(D65-Pad2)">
      <node ref="D65" pin="2"/>
      <node ref="Key_|1" pin="2"/>
    </net>
    <net code="14" name="Net-(D44-Pad2)">
      <node ref="D44" pin="2"/>
      <node ref="Key_8" pin="2"/>
    </net>
    <net code="15" name="Net-(D48-Pad2)">
      <node ref="Key_9" pin="2"/>
      <node ref="D48" pin="2"/>
    </net>
    <net code="16" name="COL10">
      <node ref="U1" pin="29"/>
      <node ref="Key_0" pin="1"/>
      <node ref="Key_;1" pin="1"/>
      <node ref="Key_P1" pin="1"/>
      <node ref="Key_RAlt1" pin="1"/>
      <node ref="Key_/1" pin="1"/>
    </net>
    <net code="17" name="Net-(D52-Pad2)">
      <node ref="Key_0" pin="2"/>
      <node ref="D52" pin="2"/>
    </net>
    <net code="18" name="COL11">
      <node ref="U1" pin="30"/>
      <node ref="Key_RWin1" pin="1"/>
      <node ref="Key_[1" pin="1"/>
      <node ref="Key_'1" pin="1"/>
      <node ref="Key_-1" pin="1"/>
    </net>
    <net code="19" name="Net-(D57-Pad2)">
      <node ref="Key_-1" pin="2"/>
      <node ref="D57" pin="2"/>
    </net>
    <net code="20" name="COL12">
      <node ref="Key_}1" pin="1"/>
      <node ref="Key_RMenu1" pin="1"/>
      <node ref="Key_=1" pin="1"/>
      <node ref="U1" pin="31"/>
    </net>
    <net code="21" name="Net-(D61-Pad2)">
      <node ref="Key_=1" pin="2"/>
      <node ref="D61" pin="2"/>
    </net>
    <net code="22" name="Net-(D64-Pad2)">
      <node ref="Key_Bksp1" pin="2"/>
      <node ref="D64" pin="2"/>
    </net>
    <net code="23" name="Net-(D18-Pad2)">
      <node ref="Key_3" pin="2"/>
      <node ref="D18" pin="2"/>
    </net>
    <net code="24" name="Net-(D23-Pad2)">
      <node ref="D23" pin="2"/>
      <node ref="Key_4" pin="2"/>
    </net>
    <net code="25" name="Net-(D28-Pad2)">
      <node ref="D28" pin="2"/>
      <node ref="Key_5" pin="2"/>
    </net>
    <net code="26" name="Net-(D34-Pad2)">
      <node ref="Key_6" pin="2"/>
      <node ref="D34" pin="2"/>
    </net>
    <net code="27" name="Net-(D39-Pad2)">
      <node ref="Key_7" pin="2"/>
      <node ref="D39" pin="2"/>
    </net>
    <net code="28" name="Net-(D24-Pad2)">
      <node ref="Key_R1" pin="2"/>
      <node ref="D24" pin="2"/>
    </net>
    <net code="29" name="Net-(D29-Pad2)">
      <node ref="D29" pin="2"/>
      <node ref="Key_T1" pin="2"/>
    </net>
    <net code="30" name="Net-(D35-Pad2)">
      <node ref="D35" pin="2"/>
      <node ref="Key_Y1" pin="2"/>
    </net>
    <net code="31" name="Net-(D40-Pad2)">
      <node ref="Key_U1" pin="2"/>
      <node ref="D40" pin="2"/>
    </net>
    <net code="32" name="COL8">
      <node ref="Key_,1" pin="1"/>
      <node ref="U1" pin="22"/>
      <node ref="Key_K1" pin="1"/>
      <node ref="Key_I1" pin="1"/>
      <node ref="Key_8" pin="1"/>
    </net>
    <net code="33" name="Net-(D45-Pad2)">
      <node ref="D45" pin="2"/>
      <node ref="Key_I1" pin="2"/>
    </net>
    <net code="34" name="COL9">
      <node ref="Key_.1" pin="1"/>
      <node ref="Key_O1" pin="1"/>
      <node ref="Key_L1" pin="1"/>
      <node ref="Key_9" pin="1"/>
      <node ref="U1" pin="28"/>
    </net>
    <net code="35" name="Net-(D3-Pad2)">
      <node ref="D3" pin="2"/>
      <node ref="Key_Tab1" pin="2"/>
    </net>
    <net code="36" name="Net-(D8-Pad2)">
      <node ref="Key_Q1" pin="2"/>
      <node ref="D8" pin="2"/>
    </net>
    <net code="37" name="Net-(D13-Pad2)">
      <node ref="Key_W1" pin="2"/>
      <node ref="D13" pin="2"/>
    </net>
    <net code="38" name="Net-(D19-Pad2)">
      <node ref="Key_E1" pin="2"/>
      <node ref="D19" pin="2"/>
    </net>
    <net code="39" name="ROW1">
      <node ref="D58" pin="1"/>
      <node ref="D53" pin="1"/>
      <node ref="D49" pin="1"/>
      <node ref="D62" pin="1"/>
      <node ref="D65" pin="1"/>
      <node ref="U1" pin="37"/>
      <node ref="D24" pin="1"/>
      <node ref="D19" pin="1"/>
      <node ref="D13" pin="1"/>
      <node ref="D29" pin="1"/>
      <node ref="D8" pin="1"/>
      <node ref="D35" pin="1"/>
      <node ref="D40" pin="1"/>
      <node ref="D3" pin="1"/>
      <node ref="D45" pin="1"/>
    </net>
    <net code="40" name="ROW0">
      <node ref="D28" pin="1"/>
      <node ref="D18" pin="1"/>
      <node ref="U1" pin="36"/>
      <node ref="D2" pin="1"/>
      <node ref="D7" pin="1"/>
      <node ref="D23" pin="1"/>
      <node ref="D61" pin="1"/>
      <node ref="D64" pin="1"/>
      <node ref="D34" pin="1"/>
      <node ref="D12" pin="1"/>
      <node ref="D39" pin="1"/>
      <node ref="D57" pin="1"/>
      <node ref="D44" pin="1"/>
      <node ref="D52" pin="1"/>
      <node ref="D48" pin="1"/>
    </net>
    <net code="41" name="+5V">
      <node ref="C4" pin="1"/>
      <node ref="C6" pin="1"/>
      <node ref="C7" pin="1"/>
      <node ref="F1" pin="1"/>
      <node ref="C5" pin="1"/>
      <node ref="U1" pin="44"/>
      <node ref="U1" pin="7"/>
      <node ref="R5" pin="1"/>
      <node ref="U1" pin="34"/>
      <node ref="U1" pin="24"/>
      <node ref="U1" pin="2"/>
      <node ref="U1" pin="14"/>
    </net>
    <net code="42" name="GND">
      <node ref="C6" pin="2"/>
      <node ref="J1" pin="A1"/>
      <node ref="J1" pin="A12"/>
      <node ref="C7" pin="2"/>
      <node ref="H1" pin="1"/>
      <node ref="C3" pin="2"/>
      <node ref="C4" pin="2"/>
      <node ref="C1" pin="2"/>
      <node ref="C2" pin="2"/>
      <node ref="Y1" pin="4"/>
      <node ref="R1" pin="2"/>
      <node ref="R2" pin="2"/>
      <node ref="C5" pin="2"/>
      <node ref="U1" pin="43"/>
      <node ref="U1" pin="5"/>
      <node ref="SW1" pin="1"/>
      <node ref="Y1" pin="2"/>
      <node ref="U1" pin="23"/>
      <node ref="U1" pin="15"/>
      <node ref="U1" pin="35"/>
      <node ref="J1" pin="B1"/>
      <node ref="J1" pin="S1"/>
      <node ref="J1" pin="B12"/>
      <node ref="H7" pin="1"/>
      <node ref="H2" pin="1"/>
      <node ref="H3" pin="1"/>
      <node ref="H4" pin="1"/>
      <node ref="H5" pin="1"/>
      <node ref="H6" pin="1"/>
      <node ref="D1" pin="1"/>
    </net>
    <net code="43" name="Net-(U1-Pad12)">
      <node ref="U1" pin="12"/>
    </net>
    <net code="44" name="Net-(U1-Pad25)">
      <node ref="U1" pin="25"/>
    </net>
    <net code="45" name="Net-(U1-Pad26)">
      <node ref="U1" pin="26"/>
    </net>
    <net code="46" name="Net-(U1-Pad27)">
      <node ref="U1" pin="27"/>
    </net>
    <net code="47" name="Net-(U1-Pad33)">
      <node ref="U1" pin="33"/>
    </net>
    <net code="48" name="Net-(U1-Pad1)">
      <node ref="U1" pin="1"/>
    </net>
    <net code="49" name="COL13">
      <node ref="U1" pin="32"/>
      <node ref="Key_Bksp1" pin="1"/>
      <node ref="Key_RCtrl1" pin="1"/>
      <node ref="Key_RShift1" pin="1"/>
      <node ref="Key_|1" pin="1"/>
      <node ref="Key_Enter1" pin="1"/>
    </net>
    <net code="50" name="ROW5">
      <node ref="D43" pin="1"/>
      <node ref="U1" pin="41"/>
      <node ref="D33" pin="1"/>
      <node ref="D27" pin="1"/>
      <node ref="D22" pin="1"/>
      <node ref="D17" pin="1"/>
      <node ref="D38" pin="1"/>
    </net>
    <net code="51" name="ROW2">
      <node ref="D25" pin="1"/>
      <node ref="D14" pin="1"/>
      <node ref="D9" pin="1"/>
      <node ref="D4" pin="1"/>
      <node ref="D50" pin="1"/>
      <node ref="D30" pin="1"/>
      <node ref="D36" pin="1"/>
      <node ref="D41" pin="1"/>
      <node ref="U1" pin="38"/>
      <node ref="D20" pin="1"/>
      <node ref="D46" pin="1"/>
      <node ref="D54" pin="1"/>
      <node ref="D59" pin="1"/>
      <node ref="D66" pin="1"/>
    </net>
    <net code="52" name="ROW4">
      <node ref="D32" pin="1"/>
      <node ref="D56" pin="1"/>
      <node ref="D16" pin="1"/>
      <node ref="D11" pin="1"/>
      <node ref="D60" pin="1"/>
      <node ref="D6" pin="1"/>
      <node ref="U1" pin="40"/>
      <node ref="D63" pin="1"/>
      <node ref="D68" pin="1"/>
    </net>
    <net code="53" name="ROW3">
      <node ref="D67" pin="1"/>
      <node ref="D5" pin="1"/>
      <node ref="D10" pin="1"/>
      <node ref="D15" pin="1"/>
      <node ref="D47" pin="1"/>
      <node ref="D42" pin="1"/>
      <node ref="D26" pin="1"/>
      <node ref="D37" pin="1"/>
      <node ref="U1" pin="39"/>
      <node ref="D31" pin="1"/>
      <node ref="D55" pin="1"/>
      <node ref="D21" pin="1"/>
      <node ref="D51" pin="1"/>
    </net>
    <net code="54" name="Net-(J1-PadB8)">
      <node ref="J1" pin="B8"/>
    </net>
    <net code="55" name="Net-(J1-PadB5)">
      <node ref="R1" pin="1"/>
      <node ref="J1" pin="B5"/>
    </net>
    <net code="56" name="Net-(J1-PadA8)">
      <node ref="J1" pin="A8"/>
    </net>
    <net code="57" name="VCC">
      <node ref="D1" pin="4"/>
      <node ref="J1" pin="A9"/>
      <node ref="J1" pin="B9"/>
      <node ref="J1" pin="B4"/>
      <node ref="F1" pin="2"/>
      <node ref="J1" pin="A4"/>
    </net>
    <net code="58" name="Net-(J1-PadA5)">
      <node ref="R2" pin="1"/>
      <node ref="J1" pin="A5"/>
    </net>
    <net code="59" name="D-">
      <node ref="U1" pin="3"/>
      <node ref="R3" pin="1"/>
    </net>
    <net code="60" name="Net-(D1-Pad2)">
      <node ref="R3" pin="2"/>
      <node ref="J1" pin="B7"/>
      <node ref="D1" pin="2"/>
      <node ref="J1" pin="A7"/>
    </net>
    <net code="61" name="D+">
      <node ref="R4" pin="1"/>
      <node ref="U1" pin="4"/>
    </net>
    <net code="62" name="Net-(D1-Pad3)">
      <node ref="R4" pin="2"/>
      <node ref="J1" pin="A6"/>
      <node ref="J1" pin="B6"/>
      <node ref="D1" pin="3"/>
    </net>
    <net code="63" name="Net-(D4-Pad2)">
      <node ref="D4" pin="2"/>
      <node ref="Key_Caps1" pin="2"/>
    </net>
    <net code="64" name="Net-(D9-Pad2)">
      <node ref="D9" pin="2"/>
      <node ref="Key_A1" pin="2"/>
    </net>
    <net code="65" name="Net-(D14-Pad2)">
      <node ref="Key_S1" pin="2"/>
      <node ref="D14" pin="2"/>
    </net>
    <net code="66" name="Net-(U1-Pad42)">
      <node ref="U1" pin="42"/>
    </net>
    <net code="67" name="Net-(C3-Pad1)">
      <node ref="U1" pin="6"/>
      <node ref="C3" pin="1"/>
    </net>
    <net code="68" name="RESET">
      <node ref="U1" pin="13"/>
      <node ref="SW1" pin="2"/>
      <node ref="R5" pin="2"/>
    </net>
    <net code="69" name="Net-(C1-Pad1)">
      <node ref="Y1" pin="1"/>
      <node ref="U1" pin="17"/>
      <node ref="C1" pin="1"/>
    </net>
    <net code="70" name="Net-(C2-Pad1)">
      <node ref="U1" pin="16"/>
      <node ref="Y1" pin="3"/>
      <node ref="C2" pin="1"/>
    </net>
    <net code="71" name="Net-(D16-Pad2)">
      <node ref="Key_LAlt1" pin="2"/>
      <node ref="D16" pin="2"/>
    </net>
    <net code="72" name="Net-(D32-Pad2)">
      <node ref="Key_Space1" pin="2"/>
      <node ref="D32" pin="2"/>
    </net>
    <net code="73" name="Net-(D56-Pad2)">
      <node ref="D56" pin="2"/>
      <node ref="Key_RAlt1" pin="2"/>
    </net>
    <net code="74" name="Net-(D60-Pad2)">
      <node ref="Key_RWin1" pin="2"/>
      <node ref="D60" pin="2"/>
    </net>
    <net code="75" name="Net-(D63-Pad2)">
      <node ref="Key_RMenu1" pin="2"/>
      <node ref="D63" pin="2"/>
    </net>
    <net code="76" name="Net-(D68-Pad2)">
      <node ref="D68" pin="2"/>
      <node ref="Key_RCtrl1" pin="2"/>
    </net>
    <net code="77" name="Net-(D51-Pad2)">
      <node ref="Key_.1" pin="2"/>
      <node ref="D51" pin="2"/>
    </net>
    <net code="78" name="Net-(D55-Pad2)">
      <node ref="D55" pin="2"/>
      <node ref="Key_/1" pin="2"/>
    </net>
    <net code="79" name="Net-(D67-Pad2)">
      <node ref="Key_RShift1" pin="2"/>
      <node ref="D67" pin="2"/>
    </net>
    <net code="80" name="Net-(D6-Pad2)">
      <node ref="Key_LCtrl1" pin="2"/>
      <node ref="D6" pin="2"/>
    </net>
    <net code="81" name="Net-(D11-Pad2)">
      <node ref="D11" pin="2"/>
      <node ref="Key_LWin1" pin="2"/>
    </net>
    <net code="82" name="Net-(D38-Pad2)">
      <node ref="D38" pin="2"/>
      <node ref="Key_NEW5" pin="2"/>
    </net>
    <net code="83" name="Net-(D43-Pad2)">
      <node ref="D43" pin="2"/>
      <node ref="Key_NEW6" pin="2"/>
    </net>
    <net code="84" name="Net-(D2-Pad2)">
      <node ref="Key_ESC1" pin="2"/>
      <node ref="D2" pin="2"/>
    </net>
    <net code="85" name="Net-(D7-Pad2)">
      <node ref="Key_1" pin="2"/>
      <node ref="D7" pin="2"/>
    </net>
    <net code="86" name="Net-(D12-Pad2)">
      <node ref="D12" pin="2"/>
      <node ref="Key_2" pin="2"/>
    </net>
    <net code="87" name="Net-(D17-Pad2)">
      <node ref="D17" pin="2"/>
      <node ref="Key_NEW1" pin="2"/>
    </net>
    <net code="88" name="Net-(D22-Pad2)">
      <node ref="D22" pin="2"/>
      <node ref="Key_NEW2" pin="2"/>
    </net>
    <net code="89" name="Net-(D27-Pad2)">
      <node ref="D27" pin="2"/>
      <node ref="Key_NEW3" pin="2"/>
    </net>
    <net code="90" name="Net-(D33-Pad2)">
      <node ref="D33" pin="2"/>
      <node ref="Key_NEW4" pin="2"/>
    </net>
    <net code="91" name="Net-(D41-Pad2)">
      <node ref="D41" pin="2"/>
      <node ref="Key_J1" pin="2"/>
    </net>
    <net code="92" name="Net-(D46-Pad2)">
      <node ref="D46" pin="2"/>
      <node ref="Key_K1" pin="2"/>
    </net>
    <net code="93" name="Net-(D50-Pad2)">
      <node ref="Key_L1" pin="2"/>
      <node ref="D50" pin="2"/>
    </net>
    <net code="94" name="Net-(D54-Pad2)">
      <node ref="Key_;1" pin="2"/>
      <node ref="D54" pin="2"/>
    </net>
    <net code="95" name="Net-(D59-Pad2)">
      <node ref="Key_'1" pin="2"/>
      <node ref="D59" pin="2"/>
    </net>
    <net code="96" name="Net-(D66-Pad2)">
      <node ref="D66" pin="2"/>
      <node ref="Key_Enter1" pin="2"/>
    </net>
    <net code="97" name="Net-(D20-Pad2)">
      <node ref="D20" pin="2"/>
      <node ref="Key_D1" pin="2"/>
    </net>
    <net code="98" name="Net-(D25-Pad2)">
      <node ref="D25" pin="2"/>
      <node ref="Key_F1" pin="2"/>
    </net>
    <net code="99" name="Net-(D30-Pad2)">
      <node ref="D30" pin="2"/>
      <node ref="Key_G1" pin="2"/>
    </net>
    <net code="100" name="Net-(D36-Pad2)">
      <node ref="D36" pin="2"/>
      <node ref="Key_H1" pin="2"/>
    </net>
    <net code="101" name="Net-(D26-Pad2)">
      <node ref="Key_V1" pin="2"/>
      <node ref="D26" pin="2"/>
    </net>
    <net code="102" name="Net-(D31-Pad2)">
      <node ref="Key_B1" pin="2"/>
      <node ref="D31" pin="2"/>
    </net>
    <net code="103" name="Net-(D37-Pad2)">
      <node ref="Key_N1" pin="2"/>
      <node ref="D37" pin="2"/>
    </net>
    <net code="104" name="Net-(D42-Pad2)">
      <node ref="Key_M1" pin="2"/>
      <node ref="D42" pin="2"/>
    </net>
    <net code="105" name="Net-(D47-Pad2)">
      <node ref="Key_,1" pin="2"/>
      <node ref="D47" pin="2"/>
    </net>
    <net code="106" name="Net-(D5-Pad2)">
      <node ref="Key_LShift1" pin="2"/>
      <node ref="D5" pin="2"/>
    </net>
    <net code="107" name="Net-(D10-Pad2)">
      <node ref="D10" pin="2"/>
      <node ref="Key_Z1" pin="2"/>
    </net>
    <net code="108" name="Net-(D15-Pad2)">
      <node ref="Key_X1" pin="2"/>
      <node ref="D15" pin="2"/>
    </net>
    <net code="109" name="Net-(D21-Pad2)">
      <node ref="Key_C1" pin="2"/>
      <node ref="D21" pin="2"/>
    </net>
  </nets>
</export>
